,candle,week_day,open_type,D2_1,D0_1,U1_1,U3_1,U4_1,U3_2,U4_2,U3_3,U2_1,U1_2,U2_2,D0_2,D2_2,D3_1,D0_3,U1_3,U2_3,U3_4,U2_4,U1_4,U2_5,U3_5,D4_1,D5_1,D6_1,D5_2,D4_2,D5_3,D4_3,D5_4,D6_2,D5_5,D7_1,D6_3,D7_2,D8_1,D7_3,D6_4,D7_4,D6_5,D7_5,U5_1,U7_1,U8_1,U9_1,S_UKN_1,D1_1,D1_2,D0_4,D1_3,D0_5,D1_4,D0_6,D1_5,D0_7,D3_2,D3_3,D5_6,D3_4,D5_7,D5_8,D4_4,D3_5,D5_9,D4_5,D5_10,D3_6,D9_1,D10_1,D9_2,D10_2,S_UKN_2,D1_6,D2_3,D2_4,D2_5,U6_1,U6_2,U5_2,U5_3,U4_3,U5_4,U5_5,U6_3,U7_2,U6_4,U7_3,U8_2,U4_4,U9_2,U9_3,S_UKN_3,U5_6,U9_4,D4_6,U4_5,D8_2,D8_3,D9_3,D9_4,D9_5,D10_3,D9_6,S_UKN_4,D10_4,D10_5,D10_6,D10_7,D3_7,U4_6,U4_7,D8_4,D9_7,U1_5,U1_6,U1_7,D6_6,D7_6,D6_7,D6_8,U3_6,D2_6,U8_3,U8_4,U8_5,U6_5,U9_5,U4_8,D8_5,D8_6,D8_7,U7_4,U7_5,U6_6,U6_7,U2_6,U5_7,U5_8,D3_8,D0_8
0,CDLTASUKIGAP_UP,Wednesday,INSIDE_VA,1.0,1.0,1.0,1.0,1.0,1.0,1.0,1.0,1.0,1.0,1.0,1.0,1.0,1.0,1.0,1.0,1.0,1.0,1.0,1.0,1.0,1.0,,,,,,,,,,,,,,,,,,,,,,,,,,,,,,,,,,,,,,,,,,,,,,,,,,,,,,,,,,,,,,,,,,,,,,,,,,,,,,,,,,,,,,,,,,,,,,,,,,,,,,,,,,,,,,,,,,,,,,
1,CDLHIKKAKE_DN,Tuesday,BELOW_VA,,,,,,,,,,,,,,,,,,,,,,,1.0,1.0,1.0,1.0,1.0,1.0,1.0,1.0,1.0,1.0,1.0,1.0,1.0,1.0,1.0,1.0,1.0,1.0,1.0,,,,,,,,,,,,,,,,,,,,,,,,,,,,,,,,,,,,,,,,,,,,,,,,,,,,,,,,,,,,,,,,,,,,,,,,,,,,,,,,,,,,,,,,,,,,,,,,,,,
2,CDL_UNK,Monday,GAP_UP,,,,,1.0,,,,,,,,,,,,,,,,,,,,,,,,,,,,,,,,,,,,,1.0,1.0,1.0,1.0,1.0,,,,,,,,,,,,,,,,,,,,,,,,,,,,,,,,,,,,,,,,,,,,,,,,,,,,,,,,,,,,,,,,,,,,,,,,,,,,,,,,,,,,,,,,,,,,,,
3,CDL_UNK,Friday,INSIDE_VA,1.0,1.0,1.0,,,,,,1.0,1.0,1.0,1.0,,1.0,1.0,1.0,,,,,,,,,,,,,,,,,,,,,,,,,,,,,,,1.0,1.0,1.0,1.0,1.0,1.0,1.0,1.0,1.0,,,,,,,,,,,,,,,,,,,,,,,,,,,,,,,,,,,,,,,,,,,,,,,,,,,,,,,,,,,,,,,,,,,,,,,,,,,,,,,,,,,,,
4,CDL_UNK,Thursday,GAP_DOWN,1.0,,,,,,,,,,,,,1.0,,,,,,,,,1.0,1.0,1.0,1.0,1.0,1.0,1.0,1.0,1.0,1.0,1.0,,,,,,,,,,,,,,1.0,,,,,,,,,1.0,1.0,1.0,1.0,1.0,1.0,1.0,1.0,1.0,1.0,1.0,1.0,,,,,,,,,,,,,,,,,,,,,,,,,,,,,,,,,,,,,,,,,,,,,,,,,,,,,,,,,,,,,,,,,,,,,,,,,
5,CDL_UNK,Wednesday,GAP_UP,1.0,1.0,1.0,1.0,,,,,1.0,,,,,1.0,,,,,,,,,1.0,1.0,1.0,1.0,1.0,,,,1.0,,1.0,,,,,,,,,,,,,1.0,1.0,,,,,,,,,,,,,,,,,,,,,1.0,1.0,1.0,1.0,1.0,,,,,,,,,,,,,,,,,,,,,,,,,,,,,,,,,,,,,,,,,,,,,,,,,,,,,,,,,,,,,,,,,,,,
6,CDL_UNK,Tuesday,INSIDE_VA,1.0,1.0,,,,,,,,,,1.0,1.0,1.0,1.0,,,,,,,,,,,,,,,,,,,,,,,,,,,,,,,,1.0,1.0,,1.0,,1.0,,1.0,,1.0,,,,,,,,,,,,,,,,,1.0,1.0,1.0,,,,,,,,,,,,,,,,,,,,,,,,,,,,,,,,,,,,,,,,,,,,,,,,,,,,,,,,,,,,,,,,,
7,CDL_UNK,Monday,GAP_DOWN,1.0,1.0,1.0,,,,,,1.0,1.0,,1.0,1.0,1.0,1.0,,,,,,,,1.0,,,,,,,,,,,,,,,,,,,,,,,,1.0,1.0,,1.0,,1.0,,,,,,,,,,,,,,,,,,,,,,1.0,1.0,1.0,,,,,,,,,,,,,,,,,,,,,,,,,,,,,,,,,,,,,,,,,,,,,,,,,,,,,,,,,,,,,,,,
8,CDL_UNK,Friday,GAP_DOWN,,,,,,,,,,,,,,,,,,,,,,,,,,,,,,,,,,,,,,,,,,,,,,1.0,,,,,,,,,,,,,,,,,,,,,,,,,,,,,,,,,,,,,,,,,,,,,,,,,,,,,,,,,,,,,,,,,,,,,,,,,,,,,,,,,,,,,,,,,,,,,,
9,CDLENGULFING_UP,Thursday,BELOW_VA,1.0,,,,,,,,,,,,,1.0,,,,,,,,,1.0,1.0,1.0,1.0,1.0,1.0,1.0,1.0,1.0,,,1.0,,,,,,,,,,,,,,,,,,,,,,1.0,1.0,,,,,1.0,,,,,,,,,,,,,,,,,,,,,,,,,,,,,,,,,,,,,,,,,,,,,,,,,,,,,,,,,,,,,,,,,,,,,,,,,,,,,,
10,CDL_UNK,Wednesday,GAP_DOWN,1.0,1.0,1.0,1.0,,,,,1.0,,,1.0,,1.0,1.0,,,,,,,,1.0,,,,,,,,,,,,,,,,,,,,,,,,1.0,1.0,1.0,1.0,,1.0,,,,,,,,,,,,,,,,,,,,,,,,,,,,,,,,,,,,,,,,,,,,,,,,,,,,,,,,,,,,,,,,,,,,,,,,,,,,,,,,,,,,,,,,
11,CDLHIKKAKE_DN,Tuesday,ABOVE_VA,1.0,1.0,1.0,,,,,,1.0,1.0,1.0,1.0,1.0,1.0,1.0,1.0,,,,1.0,,,,,,,,,,,,,,,,,,,,,,,,,,,1.0,1.0,,1.0,,,,,,1.0,1.0,,,,,,,,,,,,,,,,,1.0,1.0,,,,,,,,,,,,,,,,,,,,,,,,,,,,,,,,,,,,,,,,,,,,,,,,,,,,,,,,,,,,,,,,,
12,CDL_UNK,Monday,BELOW_VA,,,,,,,,,,,,,,,,,,,,,,,1.0,1.0,1.0,1.0,1.0,1.0,,1.0,1.0,1.0,,1.0,,,,1.0,,1.0,,,,,,,,,,,,,,,,,,1.0,,1.0,1.0,,,,,,,,,,,,,,,,,,,,,,,,,,,,,,,,,,,,,,,,,,,,,,,,,,,,,,,,,,,,,,,,,,,,,,,,,,,,,,,
13,CDLHIKKAKE_DN,Friday,GAP_DOWN,,,,,,,,,,,,,,,,,,,,,,,1.0,1.0,1.0,1.0,1.0,1.0,,1.0,1.0,,1.0,,1.0,1.0,,,,,,,,,,,,,,,,,,,,,,,,,,,,,,,,,,,,,,,,,,,,,,,,,,,,,,,,,,,,,,,,,,,,,,,,,,,,,,,,,,,,,,,,,,,,,,,,,,,,,,,,
14,CDLENGULFING_UP,Thursday,GAP_UP,,,1.0,1.0,1.0,1.0,1.0,,1.0,,,,,,,,,,,,,,,,,,,,,,,,,,,,,,,,,1.0,1.0,,,,,,,,,,,,,,,,,,,,,,,,,,,,,,,,,,1.0,1.0,1.0,,,,,,,,,,,,,,,,,,,,,,,,,,,,,,,,,,,,,,,,,,,,,,,,,,,,,,,,,,,,,
15,CDLHIKKAKE_UP,Wednesday,BELOW_VA,1.0,1.0,1.0,,,,,,,1.0,,1.0,1.0,1.0,1.0,,,,,,,,1.0,,,,,,,,,,,,,,,,,,,,,,,,1.0,1.0,,1.0,,1.0,,1.0,,1.0,,,,,,,,,,,,,,,,,,1.0,1.0,1.0,,,,,,,,,,,,,,,,,,,,,,,,,,,,,,,,,,,,,,,,,,,,,,,,,,,,,,,,,,,,,,,,
16,CDL_UNK,Tuesday,INSIDE_VA,1.0,,,,,,,,,,,,1.0,1.0,,,,,,,,,1.0,1.0,1.0,1.0,1.0,1.0,1.0,,1.0,,,,,,,,,,,,,,,,1.0,1.0,,1.0,,,,,,1.0,1.0,,,,,,,,,,,,,,,,,1.0,1.0,,,,,,,,,,,,,,,,,,,,,,,,,,,,,,,,,,,,,,,,,,,,,,,,,,,,,,,,,,,,,,,,,
17,CDL_UNK,Monday,BELOW_VA,1.0,1.0,,,,,,,,,,1.0,1.0,1.0,1.0,,,,,,,,1.0,,,,1.0,,,,,,,,,,,,,,,,,,,,1.0,1.0,1.0,1.0,,1.0,,1.0,,1.0,1.0,,,,,,,,,,,,,,,,1.0,1.0,,,,,,,,,,,,,,,,,,,,,,,,,,,,,,,,,,,,,,,,,,,,,,,,,,,,,,,,,,,,,,,,,,
18,CDL_UNK,Friday,GAP_UP,,,,,,,,,,,,,,,,,,,,,,,,,,,,,,,,,,,,,,,,,,,1.0,1.0,1.0,1.0,,,,,,,,,,,,,,,,,,,,,,,,,,,,,,,,,,,,,,,,,,,,,,,,,,,,,,,,,,,,,,,,,,,,,,,,,,,,,,,,,,,,,,,,,,,,,,
19,CDL_UNK,Thursday,GAP_UP,,,,,1.0,,1.0,,,,,,,,,,,,,,,,,,,,,,,,,,,,,,,,,,,1.0,1.0,1.0,,,,,,,,,,,,,,,,,,,,,,,,,,,,,,,,,1.0,1.0,1.0,1.0,1.0,1.0,1.0,1.0,1.0,1.0,1.0,1.0,,,,,,,,,,,,,,,,,,,,,,,,,,,,,,,,,,,,,,,,,,,,,,,,,,,,
20,CDL_UNK,Wednesday,INSIDE_VA,1.0,1.0,1.0,1.0,,,,,1.0,1.0,1.0,1.0,1.0,1.0,1.0,1.0,,,,,,,1.0,1.0,1.0,1.0,1.0,1.0,1.0,,,,,,,,,,,,,,,,,,1.0,1.0,,1.0,,1.0,,1.0,,,,,,,,,,,,,,,,,,,,,,,,,,,,,,,,,,,,,,,,,,,,,,,,,,,,,,,,,,,,,,,,,,,,,,,,,,,,,,,,,,,,,,
21,CDL_UNK,Tuesday,INSIDE_VA,1.0,1.0,1.0,,,,,,,,,,1.0,1.0,,,,,,,,,1.0,1.0,,1.0,1.0,,1.0,,,,,,,,,,,,,,,,,,1.0,1.0,,,,,,,,1.0,1.0,,1.0,,,1.0,,,1.0,,,,,,,,,,,,,,,,,,,,,,,,,,,,,,,,,,,,,,,,,,,,,,,,,,,,,,,,,,,,,,,,,,,,,,,,,,,
22,CDL_UNK,Monday,BELOW_VA,,,,,,,,,,,,,,1.0,,,,,,,,,1.0,1.0,1.0,1.0,1.0,1.0,,1.0,1.0,,1.0,1.0,1.0,1.0,,1.0,,,,,,,,,,,,,,,,,,,,,,,,,,,,,,,,,,,,,,,,,,,,,,,,,,,,,,,,,,,,,,,,,,,,,,,,,,,,,,,,,,,,,,,,,,,,,,,,,,,,,,
23,CDL_UNK,Friday,GAP_UP,,1.0,1.0,1.0,1.0,1.0,1.0,1.0,1.0,1.0,1.0,1.0,,,,,,,,,,,,,,,,,,,,,,,,,,,,,,1.0,,,,,,,,,,,,,,,,,,,,,,,,,,,,,,,,,,,1.0,1.0,1.0,1.0,1.0,,,,,,,,1.0,,,,,,,,,,,,,,,,,,,,,,,,,,,,,,,,,,,,,,,,,,,,,,,,,,,
24,CDL_UNK,Thursday,GAP_UP,,,,,,,,,,,,,,,,,,,,,,,,,,,,,,,,,,,,,,,,,,,,1.0,1.0,1.0,,,,,,,,,,,,,,,,,,,,,,,,,,1.0,,,,,1.0,,,,,,,,,,,,,1.0,1.0,1.0,,,,,,,,,,,,,,,,,,,,,,,,,,,,,,,,,,,,,,,,,,,,,,,,
25,CDL_UNK,Wednesday,GAP_DOWN,,,,,,,,,,,,,,,,,,,,,,,,,,,,,,,,,,,,,,,,,,,,,,1.0,,,,,,,,,,,,,,,,,,,,,,,,,,,,,,,,,,,,,,,,,,,,,,,,,,,,,,,,,,,,,,,,,,,,,,,,,,,,,,,,,,,,,,,,,,,,,,
26,CDL_UNK,Tuesday,GAP_UP,,,,1.0,,1.0,,1.0,1.0,,1.0,,,,,,1.0,1.0,,,,,,,,,,,,,,,,,,,,,,,,1.0,1.0,,,,,,,,,,,,,,,,,,,,,,,,,,,,,,,,,,1.0,1.0,1.0,1.0,,1.0,1.0,1.0,1.0,1.0,,,,,,,1.0,,,,,,,,,,,,,,,,,,,,,,,,,,,,,,,,,,,,,,,,,,,,,,,
27,CDL_UNK,Monday,ABOVE_VA,,,,1.0,1.0,,,,1.0,,,,,,,,,,,,,,,,,,,,,,,,,,,,,,,,,1.0,1.0,1.0,1.0,1.0,,,,,,,,,,,,,,,,,,,,,,,,,,1.0,,,,,1.0,,,,,,,,,,,1.0,,1.0,1.0,1.0,,1.0,,,,,,,,,,,,,,,,,,,,,,,,,,,,,,,,,,,,,,,,,,,,,,
28,CDL_UNK,Friday,BELOW_VA,1.0,,,,,,,,,,,,,1.0,,,,,,,,,1.0,1.0,1.0,1.0,1.0,1.0,1.0,1.0,1.0,1.0,1.0,1.0,1.0,1.0,1.0,1.0,,,,,,,,,,,,,,,,,,1.0,1.0,1.0,,1.0,1.0,1.0,,1.0,1.0,,,,,,,,,,,,,,,,,,,,,,,,,,,,,,1.0,,,,,,,,,,,,,,,,,,,,,,,,,,,,,,,,,,,,,,,,,,,,,
29,CDL_UNK,Thursday,ABOVE_VA,,1.0,1.0,1.0,1.0,,1.0,,1.0,,1.0,1.0,,1.0,,,1.0,,1.0,,,,1.0,,,,,,,,,,,,,,,,,,,1.0,,,,,1.0,,,,,,,,,,,,,,,,,,,,,,,,,,,,,,1.0,,1.0,1.0,1.0,1.0,,,,,,,1.0,,,,,,,1.0,,,,,,,,,,,,,,,,,,,,,,,,,,,,,,,,,,,,,,,,,,,,
30,CDLMATCHINGLOW_UP,Wednesday,BELOW_VA,,,,,,,,,,,,,,,,,,,,,,,,1.0,,,,,,,,,1.0,,,1.0,,,,,,,,,,1.0,,,,,,,,,,,,,,,,,,,,,,1.0,1.0,1.0,1.0,1.0,,,,,,,,,,,,,,,,,,,,,,,,,1.0,1.0,1.0,1.0,1.0,1.0,1.0,,,,,,,,,,,,,,,,,,,,,,,,,,,,,,,,,,,,,
31,CDL_UNK,Tuesday,BELOW_VA,1.0,,,,,,,,,,,,,1.0,,,,,,,,,1.0,1.0,1.0,1.0,1.0,1.0,,,1.0,,1.0,1.0,1.0,1.0,1.0,,1.0,,,,,,,,1.0,,,,,,,,,,,,,,,,,,,,,1.0,1.0,,,,,,,,,,,,,,,,,,,,,,,,,,,,1.0,,,,,,,,,,,,,,,,,,,,,,,,,,,,,,,,,,,,,,,,,,,
32,CDL_UNK,Monday,INSIDE_VA,1.0,1.0,1.0,,,,,,1.0,1.0,1.0,1.0,1.0,1.0,1.0,1.0,,,,1.0,,,1.0,,,,,,,,,,,,,,,,,,,,,,,,1.0,1.0,1.0,1.0,1.0,1.0,,,,,,,,,,,,,,,,,,,,,,,,,,,,,,,,,,,,,,,,,,,,,,,,,,,,,,,,,,,,,,,,,,,,,,,,,,,,,,,,,,,,,,,,
33,CDLHIKKAKE_UP,Friday,GAP_DOWN,1.0,,,,,,,,,,,,1.0,1.0,,,,,,,,,1.0,1.0,1.0,1.0,1.0,1.0,1.0,1.0,1.0,1.0,1.0,1.0,,1.0,,1.0,,,,,,,,,1.0,,,,,,,,,1.0,1.0,,1.0,,,,1.0,,,,,,,,,,,1.0,,,,,,,,,,,,,,,,,,,,,,,,,,,,,,,,,,,,,,,,,,,,,,,,,,,,,,,,,,,,,,,,,,
34,CDL3OUTSIDE_DN,Thursday,GAP_DOWN,,,,,,,,,,,,,,,,,,,,,,,,,,,,,,,,,,,,,,,,,,,,,,1.0,,,,,,,,,,,,,,,,,,,,,,,,,,,,,,,,,,,,,,,,,,,,,,,,,,,,,,,,,,,,,,,,,,,,,,,,,,,,,,,,,,,,,,,,,,,,,,
35,CDLENGULFING_DN,Wednesday,INSIDE_VA,1.0,1.0,,,,,,,,,,,1.0,1.0,,,,,,,,,1.0,1.0,1.0,,1.0,,1.0,,1.0,,1.0,,1.0,1.0,,,,,,,,,,,1.0,1.0,,,,,,,,1.0,1.0,,1.0,,,,,,,,,,,,,,,,,,,,,,,,,,,,,,,,,,,,,,1.0,,,,,,,,,,,,,,,,,,,,,,,,,,,,,,,,,,,,,,,,,,,
36,CDL3OUTSIDE_DN,Monday,GAP_UP,1.0,1.0,1.0,,,,,,1.0,,,,1.0,1.0,,,,,,,,,1.0,1.0,1.0,,1.0,,,,,,1.0,,,,,,,,,,,,,1.0,1.0,,,,,,,,,1.0,1.0,,1.0,,,,,,,,,1.0,1.0,1.0,1.0,1.0,,1.0,1.0,,,,,,,,,,,,,,,,,,,,,,,,,,,,,,,,,,,,,,,,,,,,,,,,,,,,,,,,,,,,,,,,,
37,CDLENGULFING_DN,Friday,GAP_DOWN,,,,,,,,,,,,,,,,,,,,,,,,,,,,,,,,,,,,1.0,,,,,,,,,,1.0,,,,,,,,,,,,,,,,,,,,,,1.0,1.0,1.0,1.0,1.0,,,,,,,,,,,,,,,,,,,,1.0,,,,,,,1.0,,,1.0,,1.0,1.0,1.0,1.0,1.0,,,,,,,,,,,,,,,,,,,,,,,,,,,,,,,,
38,CDL_UNK,Thursday,GAP_UP,1.0,1.0,,1.0,1.0,1.0,1.0,,1.0,,,,,,,,,,,,,,,,,,,,,,,,,,,,,,,,,1.0,1.0,,,,,,,,,,,,,,,,,,,,,,,,,,,,,,,,,,1.0,1.0,1.0,1.0,1.0,,,1.0,1.0,1.0,,,1.0,,,,,,,,,,,,,,,,,,,,,,,,,,,,,,,,,,,,,,,,,,,,,,,,,,,
39,CDL_UNK,Wednesday,GAP_UP,,,1.0,1.0,1.0,1.0,1.0,,1.0,1.0,1.0,,,,,,1.0,,,,,,,,,,,,,,,,,,,,,,,,,1.0,1.0,,,,,,,,,,,,,,,,,,,,,,,,,,,,,,,,,,1.0,1.0,1.0,,,,,,,,,,,,,,,,,,,,,,,,,,,,,,,,,,,,,,,,,,,,,,,,,,,,,,,,,,,,,
40,CDL_UNK,Tuesday,BELOW_VA,1.0,,,,,,,,,,,,1.0,1.0,,,,,,,,,1.0,1.0,,,1.0,,1.0,,,,,,,,,,,,,,,,,,,,,,,,,,,1.0,1.0,,1.0,,,1.0,1.0,,1.0,,1.0,,,,,,,1.0,,,,,,,,,,,,,,,,,,,,,,,,,,,,,,,,,,,1.0,,,,,,,,,,,,,,,,,,,,,,,,,,,,,,,
41,CDL_UNK,Monday,GAP_UP,,,,1.0,1.0,1.0,1.0,,,,,,,,,,,,,,,,,,,,,,,,,,,,,,,,,,,1.0,1.0,,,,,,,,,,,,,,,,,,,,,,,,,,,,,,,,,,1.0,,1.0,1.0,1.0,1.0,1.0,,,,,,1.0,,,,,,,1.0,,,,,,,,,,,,,,1.0,1.0,,,,,,,,,,,,,,,,,,,,,,,,,,,,,
42,CDL_UNK,Friday,GAP_DOWN,,,,,,,,,,,,,,,,,,,,,,,,,,,,,,,,,1.0,,,1.0,,,,,,,,,,1.0,,,,,,,,,,,,,,,,,,,,,,1.0,1.0,1.0,1.0,1.0,,,,,,,,,,,,,,,,,,,,,,,,,1.0,1.0,1.0,1.0,1.0,1.0,1.0,,1.0,1.0,1.0,,,,,1.0,1.0,,,,,,,,,,,,,,,,,,,,,,,,,,,
43,CDLHIKKAKE_DN,Thursday,BELOW_VA,1.0,,,,,,,,,,,,1.0,1.0,,,,,,,,,1.0,1.0,1.0,1.0,1.0,,,,1.0,,,,,,,,,,,,,,,,,,,,,,,,,1.0,1.0,,,,,,,,,,,,,,,,,,,,,,,,,,,,,,,,,,,,,,,,,,,,,,,,,,,,,,,,,,,,,,,,,,,,,,,,,,,,,,,,,,,
44,CDL_UNK,Wednesday,GAP_UP,,,,1.0,1.0,,1.0,,,,,,,,,,,,,,,,,,,,,,,,,,,,,,,,,,,1.0,1.0,1.0,,,,,,,,,,,,,,,,,,,,,,,,,,,,,,,,,1.0,,,,,,,,,,,,,,,,,,,,,,,,,,,,,,,,,,,,,,,,,,,,,,,,,,,,,,,,,,,,,,,
45,CDLENGULFING_DN,Tuesday,BELOW_VA,1.0,,,,,,,,,,,,,1.0,,,,,,,,,1.0,1.0,,1.0,1.0,1.0,1.0,1.0,,,1.0,,,,,,,,,,,,,,,,,,,,,,,1.0,,,,,,1.0,,,1.0,,,,,,,,,,,,,,,,,,,,,,,,,,,,,,,,,,,,,,,,,,,,,,,,,,,,,,,,,,,,,,,,,,,,,,,,,,,
46,CDL_UNK,Monday,GAP_UP,,1.0,1.0,,,,,,1.0,1.0,1.0,1.0,,,1.0,1.0,1.0,,1.0,1.0,,,1.0,,1.0,,,,,,,,,,,1.0,,,,,,,,,,,1.0,,1.0,,,,,,,,,,,,,,,,,,,,1.0,,,,,,,,,,,,,,,,,,,,,,,,,,,,,,,,,,,,,,,,,,,,,1.0,1.0,1.0,,,,,,,,,,,,,,,,,,,,,,,,
47,CDL_UNK,Wednesday,GAP_DOWN,,,,,,,,,,,,,,,,,,,,,,,,,,,,,,,,,,,,1.0,,,,,,,,,,1.0,,,,,,,,,,,,,,,,,,,,,,1.0,1.0,1.0,1.0,,,,,,,,,,,,,,,,,,,,,,,,,,,,1.0,1.0,1.0,1.0,,,1.0,,,,,,,,,,,,,,,,,,,,,,,,,,,,,,,,,,,
48,CDLHIKKAKE_UP,Tuesday,GAP_UP,1.0,1.0,1.0,1.0,,,,,1.0,,1.0,,1.0,,,,,,,,,,,,,,,,,,,,,,,,,,,,,,,,,,1.0,1.0,,1.0,,,,,,,,,,,,,,,,,,,,,,,,1.0,,,,,,,,,,,,,,,,,,,,,,,,,,,,,,,,,,,,,,,,,,,,,,,,,,,,,,,,,,,,,,,,,,
49,CDL_UNK,Monday,GAP_DOWN,,,,,,,,,,,,,,,,,,,,,,,1.0,1.0,1.0,1.0,1.0,1.0,,1.0,1.0,,1.0,1.0,1.0,1.0,1.0,1.0,1.0,1.0,1.0,,,,,,,,,,,,,,,,,,,,,,,,,,,,,,,,,,,,,,,,,,,,,,,,,,,,,,,,,,,,,,,,,,,,,,,,,,,,1.0,1.0,1.0,1.0,,,,,,,,,,,,,,,,,,,,
50,CDLTASUKIGAP_DN,Friday,INSIDE_VA,,1.0,1.0,1.0,,,,,1.0,1.0,1.0,1.0,,,1.0,1.0,1.0,,1.0,1.0,,,,,,,,,,,,,,,,,,,,,,,,,,,,,,,,,,,,,,,,,,,,,,,,,,,,,,,,,,,,,,,,,,,,,,,,,,,,,,,,,,,,,,,,,,,,,,1.0,,,,,,,,,,,,,,,,,,,,,,,,,,
51,CDL_UNK,Thursday,INSIDE_VA,1.0,1.0,1.0,1.0,,,,,1.0,1.0,1.0,1.0,1.0,1.0,1.0,,,,,,,,,,,,,,,,,,,,,,,,,,,,,,,,1.0,1.0,1.0,1.0,,1.0,,,,1.0,,,,,,,,,,,,,,,,,,1.0,1.0,,,,,,,,,,,,,,,,,,,,,,,,,,,,,,,,,,,,,,,,,,,,,,,,,,,,,,,,,,,,,,,,,
52,CDLHIKKAKE_UP,Wednesday,GAP_DOWN,1.0,,,,,,,,,,,,1.0,1.0,,,,,,,,,1.0,1.0,1.0,1.0,1.0,1.0,1.0,,,,,,,,,,,,,,,,,,,,,,,,,,,1.0,1.0,,1.0,,,1.0,1.0,,,,,,,,,,,,,,,,,,,,,,,,,,,,,,,,,,,,,,,,,,,,,,,,,,,,,,,,,,,,,,,,,,,,,,,,,,,,,
53,CDL_UNK,Tuesday,GAP_DOWN,,,,,,,,,,,,,,,,,,,,,,,1.0,1.0,1.0,1.0,1.0,1.0,1.0,1.0,1.0,1.0,,1.0,,,,1.0,,1.0,,,,,,,,,,,,,,,,,,1.0,,1.0,1.0,1.0,,1.0,,,,,,,,,,,,,,,,,,,,,,,,,,,,,,,,,,,,,,,,,,,,,,,,,,,,,,,,,,,,,,,,,,,,,,,,,,,,
54,CDL3OUTSIDE_UP,Monday,ABOVE_VA,1.0,1.0,1.0,,,,,,1.0,1.0,1.0,1.0,,,1.0,1.0,,,,1.0,,,,,,,,,,,,,,,,,,,,,,,,,,,1.0,1.0,1.0,,1.0,,1.0,,1.0,,,,,,,,,,,,,,,,,,,,,,,,,,,,,,,,,,,,,,,,,,,,,,,,,,,,,,,,,,,1.0,,,,,,,,,,,,,,,,,,,,,,,,,,
55,CDLENGULFING_UP,Friday,GAP_UP,,,,,,,,,,,,,,,,,,,,,,,,,,,,,,,,,,,,,,,,,,,1.0,1.0,,1.0,,,,,,,,,,,,,,,,,,,,,,,,,,,,,,,,,,,,,,,,,,,,,,,,,,,,,,,,,,,,,,,,,,,,,,,,,,,,,,,,,,,,,,,,,,,,,,
56,CDL_UNK,Thursday,BELOW_VA,1.0,1.0,1.0,,1.0,,,,1.0,1.0,,1.0,,,1.0,,,,,,,,,,,,,,,,,,,,,,,,,,,1.0,,,,,1.0,,,,,,,,,,,,,,,,,,,,,,,,,,,,,,,,,,,,,,,,,,,,,,,,,,,,,,,,,,,,,,,,,,,,,,,,,,,,,,,,,,,,,,,,,,,,,
57,CDL_UNK,Wednesday,ABOVE_VA,1.0,1.0,1.0,,,,,,1.0,1.0,,1.0,,,1.0,1.0,,,,1.0,,,,,,,,,,,,,,,,,,,,,,,,,,,1.0,1.0,1.0,1.0,1.0,1.0,1.0,,,,,,,,,,,,,,,,,,,,,,,,,,,,,,,,,,,,,,,,,,,,,,,,,,,,,,,,,,,,,1.0,,,,,,,,,,,,,,,,,,,,,,,,,,
58,CDL_UNK,Tuesday,GAP_UP,,,,1.0,1.0,,1.0,,,,,,,,,,,,,,,,,,,,,,,,,,,,,,,,,,,1.0,,,,,,,,,,,,,,,,,,,,,,,,,,,,,,,,,,,1.0,1.0,1.0,1.0,,1.0,1.0,1.0,,1.0,,,,,,,,,,,,,,,,,,,,,,,,,,,,,,,,,,,,,,,,,,,,,,,,,,,,,,
59,CDL_UNK,Monday,GAP_UP,,,,1.0,1.0,1.0,1.0,1.0,1.0,,1.0,,,,,,1.0,1.0,1.0,,,1.0,,,,,,,,,,,,,,,,,,,,1.0,,,,,,,,,,,,,,,,,,,,,,,,,,,,,,,,,,,,,,,,,,,,,,,,,,,,,,,,,,,,,,,,,,,,,,,,,,,,,,,1.0,,,,,,,,,,,,,,,,,,,
60,CDL_UNK,Friday,INSIDE_VA,1.0,1.0,1.0,,,,,,,,,1.0,1.0,1.0,1.0,,,,,,,,1.0,1.0,,1.0,1.0,,1.0,,,,,,,,,,,,,,,,,,1.0,1.0,,1.0,,,,,,1.0,,,,,,1.0,,,,,,,,,,,,1.0,,,,,,,,,,,,,,,,,,,,,,,,,,,,,,,,,,,,,,,,,,,,,,,,,,,,,,,,,,,,,,,,,,
61,CDL_UNK,Thursday,ABOVE_VA,1.0,1.0,,,,,,,,,,1.0,1.0,1.0,,,,,,,,,1.0,,,,,,,,,,,,,,,,,,,,,,,,1.0,1.0,,1.0,,1.0,,,,1.0,1.0,,1.0,,,,,,,,,,,,,,,1.0,1.0,1.0,,,,,,,,,,,,,,,,,,,,,,,,,,,,,,,,,,,,,,,,,,,,,,,,,,,,,,,,,,,,,,,,
62,CDL_UNK,Wednesday,GAP_DOWN,1.0,1.0,,,,,,,,,,,1.0,1.0,,,,,,,,,1.0,,,,,,,,,,,,,,,,,,,,,,,,1.0,1.0,,1.0,,1.0,,,,1.0,1.0,,,,,,,,,,,,,,,,,1.0,1.0,1.0,,,,,,,,,,,,,,,,,,,,,,,,,,,,,,,,,,,,,,,,,,,,,,1.0,,,,,,,,,,,,,,,,,,
63,CDL_UNK,Tuesday,GAP_UP,,,,,1.0,,1.0,,,,,,,,,,,,,,,,,,,,,,,,,,,,,,,,,,,1.0,1.0,1.0,1.0,1.0,,,,,,,,,,,,,,,,,,,,,,,,,,,,,,,1.0,1.0,1.0,1.0,1.0,1.0,1.0,1.0,1.0,1.0,1.0,1.0,,1.0,,,1.0,,,,,,,,,,,,,,,,,,,,,,,,,,,,,,1.0,1.0,1.0,1.0,,,,,,,,,,,,,,
64,CDLENGULFING_DN,Monday,INSIDE_VA,1.0,1.0,1.0,1.0,1.0,1.0,1.0,,1.0,,,,1.0,1.0,,,,,,,,,1.0,,,,1.0,,,,,,,,,,,,,,,1.0,,,,,1.0,,,,,,,,,1.0,1.0,,1.0,,,,1.0,,,,,,,,,,,1.0,,,,,1.0,,1.0,,,,,,,,,,,,,,,,,,,,,,,,,,,,,,,,,,,,,,,,,,,,,,,,,,,,,,,,,,,
65,CDL_UNK,Thursday,ABOVE_VA,1.0,1.0,1.0,,,,,,,1.0,,,1.0,1.0,,,,,,,,,1.0,1.0,,1.0,1.0,,1.0,,,,,,,,,,,,,,,,,,1.0,1.0,,1.0,,,,,,1.0,1.0,,,,,,,,,,,,,,,,,,,,,,,,,,,,,,,,,,,,,,,,,,,,,,,,,,,,,,,,,,,,,,,,,,,,,,,,,,,,,,,,,,,
66,CDL_UNK,Wednesday,GAP_UP,,,,,,,,,,,,,,,,,,,,,,,,,,,,,,,,,,,,,,,,,,,,1.0,1.0,1.0,,,,,,,,,,,,,,,,,,,,,,,,,,,,,,,,,,,,,,,,,,1.0,,1.0,,,,,,,,,,,,,,,,,,,,,,,,,,,,,,,,,,,,,,,,,,,,,,,,,,
67,CDL_UNK,Tuesday,INSIDE_VA,,1.0,1.0,,1.0,,,,1.0,1.0,1.0,,,,,1.0,1.0,,,1.0,,,,,,,,,,,,,,,,,,,,,,,,,,,,,,,,,,,,,,,,,,,,,,,,,,,,,,,,,,,,,,,,,,,,,,,,,,,,,,,,,,,,,,,,,,,,,,,,,,,,,,,,,,,,,,,,,,,,,,,,
68,CDLHIKKAKE_DN,Monday,GAP_UP,1.0,1.0,,1.0,1.0,1.0,1.0,1.0,1.0,,1.0,,1.0,1.0,,,1.0,1.0,,,,,1.0,1.0,1.0,1.0,1.0,,1.0,,1.0,,,,,,,,,,,,,,,,1.0,1.0,,,,,,,,,,,,,,,,,,,,,,,,,,1.0,,,,,,,,,,,,,,,,,,,,,,,,,,,,,,,,,,,,,,,,,,,,,,,,,,,,,,,,,,,,,,,,,,
69,CDL_UNK,Friday,INSIDE_VA,,1.0,1.0,1.0,1.0,,,,1.0,1.0,1.0,,,,,,,,,,,,,,,,,,,,,,,,,,,,,,,1.0,1.0,,,,,,,,,,,,,,,,,,,,,,,,,,,,,,,,,,1.0,,,,,,,,,,,,,,,,,,,,,,,,,,,,,,,,,,,,,,,,,,,,,,,,,,,,,,,,,,,,,,,
70,CDL_UNK,Thursday,BELOW_VA,1.0,1.0,1.0,,,,,,1.0,1.0,,1.0,1.0,1.0,1.0,1.0,,,,1.0,,,,,,,,,,,,,,,,,,,,,,,,,,,1.0,1.0,1.0,1.0,1.0,1.0,1.0,1.0,1.0,,,,,,,,,,,,,,,,,,1.0,,,,,,,,,,,,,,,,,,,,,,,,,,,,,,,,,,,,,,,,,1.0,,,,,,,,,,,,,,,,,,,,,,,,,,
71,CDL_UNK,Wednesday,GAP_UP,,,,,,,,,,,,,,,,,,,,,,,,,,,,,,,,,,,,,,,,,,,,,,1.0,,,,,,,,,,,,,,,,,,,,,,,,,,,,,,,,,,,,,,,,,,,,,,,,,,,,,,,,,,,,,,,,,,,,,,,,,,,,,,,,,,,,,,,,,,,,,,
72,CDL_UNK,Tuesday,GAP_UP,,,,,,,,,,,,,,,,,,,,,,,,,,,,,,,,,,,,,,,,,,,1.0,1.0,1.0,1.0,,,,,,,,,,,,,,,,,,,,,,,,,,1.0,,,,,,,,,,,,,1.0,,,1.0,,1.0,1.0,1.0,,1.0,,,,,,,,,,,,,,,,,,,,,,,,,,,,,,,,,1.0,,,,,,,,,,,,,
73,CDL_UNK,Monday,BELOW_VA,1.0,1.0,,,1.0,,,,1.0,,,1.0,1.0,1.0,1.0,,,,,,,,1.0,1.0,,1.0,1.0,1.0,1.0,,,,,,,,,,,,,1.0,,,,,1.0,1.0,,1.0,,1.0,,,,,,,,,,1.0,,,,,,,,,,,,1.0,1.0,1.0,,,,,,,,,,,,,,,,,,,,,,,,,,,,,,,,,,,,,,,,,,,,,,,,,,,,,,,,,,,,,,,,
74,CDL3OUTSIDE_DN,Friday,GAP_DOWN,,,,,,,,,,,,,,,,,,,,,,,,,,,,,,,,,,,,,,,,,,,,,,1.0,,,,,,,,,,,,,,,,,,,,,,,1.0,,1.0,1.0,,,,,,,,,,,,,,,,,,,,1.0,,,,,,,,,,1.0,,1.0,,,,,,,,,,,,,,,,,,,,,,,,,,,,,,,,,,,,
75,CDLENGULFING_DN,Thursday,GAP_DOWN,,,,,,,,,,,,,,,,,,,,,,,1.0,1.0,1.0,1.0,1.0,,,,1.0,,1.0,1.0,1.0,1.0,,,,,,,,,,1.0,,,,,,,,,,,,,,,,,,,,,,1.0,1.0,1.0,1.0,,,,,,,,,,,,,,,,,,,,,,,,,,1.0,,1.0,1.0,,1.0,,,1.0,,,,,,,,,,,,,,,,,,,,,,,,,,,,,,,,,,,
76,CDL_UNK,Wednesday,GAP_UP,1.0,1.0,1.0,1.0,1.0,,,,1.0,1.0,1.0,1.0,1.0,1.0,1.0,,1.0,,,,,,,,,,,,,,,,,,,,,,,,,1.0,,,,,1.0,1.0,,1.0,,1.0,,1.0,,1.0,,,,,,,,,,,,,,,,,,1.0,1.0,,,,,,,,,,,,,,,,,,,,,,,,,,,,,,,,,,,,,,,,,,,,,,,,,,,,,,,,,,,,,,,,,
77,CDL_UNK,Monday,INSIDE_VA,1.0,,,,,,,,,,,,,1.0,,,,,,,,,1.0,1.0,1.0,1.0,1.0,1.0,1.0,1.0,1.0,1.0,1.0,1.0,1.0,,,1.0,,,,,,,,,,,,,,,,,,1.0,1.0,1.0,,,,1.0,,,1.0,,,,,,,,,,,,,,,,,,,,,,,,,,,,,,1.0,,,,,,,,,,,,,,,,,,,,,,,,,,,,,,,,,,,,,,,,,,,,,
78,CDL_UNK,Friday,BELOW_VA,1.0,1.0,1.0,,1.0,,,,1.0,1.0,1.0,1.0,1.0,1.0,,1.0,1.0,,,1.0,,,1.0,1.0,1.0,,,,,,1.0,,1.0,,1.0,1.0,,,,,,,,,,,1.0,1.0,,1.0,,,,,,,,,,,,,,,,,,,,,,,,,,,,,,,,,,,,,,,,,,,,,,,,,,,,,,,,,,,,,,,,1.0,1.0,,,,,,,,,,,,,,,,,,,,,,,,,
79,CDL_UNK,Thursday,INSIDE_VA,,1.0,1.0,1.0,1.0,1.0,1.0,1.0,1.0,,,,,,,,,1.0,,,,1.0,,,,,,,,,,,,,,,,,,,,1.0,,,,,,,,,,,,,,,,,,,,,,,,,,,,,,,,,,,1.0,,1.0,1.0,1.0,1.0,1.0,,,,,,1.0,,,,,,,1.0,,,,,,,,,,,,,,1.0,1.0,,,,,,,,,,1.0,,,,,,,1.0,,,,,,,,,,,,
80,CDL_UNK,Wednesday,GAP_DOWN,,,,,,,,,,,,,,,,,,,,,,,,,,,,,,,,,,,,,,,,,,,,,,1.0,,,,,,,,,,,,,,,,,,,,,,,,,,,,,,,,,,,,,,,,,,,,,,,,,,,,,,,,,,,,,,,,,,,,,,,,,,,,,,,,,,,,,,,,,,,,,,
81,CDL_UNK,Tuesday,GAP_UP,,,,1.0,1.0,,1.0,,1.0,,,,,,,,,,,,,,,,,,,,,,,,,,,,,,,,,1.0,1.0,,,,,,,,,,,,,,,,,,,,,,,,,,,,,,,,,,1.0,1.0,1.0,1.0,,1.0,,1.0,1.0,1.0,,,,,,,,,,,,,,,,,,,,,,,,,,,,,,,,,,,,,,,,1.0,,,,,,,,,,,,,,
82,CDL_UNK,Monday,GAP_DOWN,,,,,,,,,,,,,,1.0,,,,,,,,,1.0,1.0,1.0,,1.0,,,,1.0,,1.0,,1.0,1.0,1.0,,,,,,,,,,,,,,,,,,,,,,,,,,,,,,,1.0,1.0,1.0,,,,,,,,,,,,,,,,,,,,,,,,,,,1.0,1.0,1.0,1.0,,,,,,,,,,,,1.0,,,,,,,,,,,,,,,,,1.0,1.0,1.0,,,,,,,,,
83,CDL_UNK,Friday,GAP_DOWN,1.0,1.0,1.0,,,,,,,,,1.0,1.0,1.0,1.0,,,,,,,,1.0,1.0,1.0,1.0,1.0,,1.0,,1.0,,1.0,1.0,,,,,,,,,,,,,1.0,1.0,1.0,1.0,,1.0,,,,1.0,1.0,,1.0,,,1.0,,,,,,,,,,,,1.0,,,,,,,,,,,,,,,,,,,,,,,,,,,,,,,,,,,,,,,,,,,,,,,,,,,,,,,,,,,,,,,,,,
84,CDLMATCHINGLOW_UP,Thursday,BELOW_VA,1.0,,,,,,,,,,,,1.0,1.0,,,,,,,,,1.0,,,,1.0,,1.0,,,,,,,,,,,,,,,,,,1.0,,,,,,,,,1.0,1.0,,1.0,,,1.0,1.0,,,,,,,,,,,,,,,,,,,,,,,,,,,,,,,,,,,,,,,,,,,,,,,,,,,,,,,,,,,,,,,,,,,,,,,,,,,,,
85,CDL_UNK,Wednesday,INSIDE_VA,1.0,1.0,1.0,,,,,,1.0,1.0,,1.0,1.0,1.0,1.0,1.0,,,,,,,,,,,,,,,,,,,,,,,,,,,,,,,1.0,1.0,1.0,1.0,1.0,1.0,,,,,,,,,,,,,,,,,,,,,,1.0,,,,,,,,,,,,,,,,,,,,,,,,,,,,,,,,,,,,,,,,,,,,,,,,,,,,,,,,,,,,,,,,,,
86,CDLXSIDEGAP3METHODS_DN,Tuesday,GAP_UP,,,,,,,,,,,,,,,,,,,,,,,,,,,,,,,,,,,,,,,,,,1.0,1.0,1.0,1.0,1.0,,,,,,,,,,,,,,,,,,,,,,,,,,1.0,,,,,1.0,1.0,,,,,,1.0,1.0,1.0,1.0,1.0,,,,,,,,,,,,,,,,,,,,,,,,,,,,,,,,,,,1.0,,,,,,,,,,,,,,,,,
87,CDL_UNK,Monday,BELOW_VA,1.0,1.0,,1.0,1.0,,,,1.0,,1.0,1.0,1.0,1.0,,,1.0,,,,,,1.0,1.0,,,1.0,,,,,,,,,,,,,,,1.0,1.0,1.0,1.0,1.0,1.0,1.0,,,,,,,,1.0,,,,,,,,,,,,,,,,,,,,,1.0,,,,,,,,,,,,,,,,,,,,,,,,,,,,,,,,,,,,,,,,,,,,,,,,,,,,,,,,,,,,,,,
88,CDL_UNK,Friday,GAP_DOWN,,,,,,,,,,,,,,,,,,,,,,,,,,,,,,,,,,,,,,,,,,,,,,1.0,,,,,,,,,,,,,,,,,,,,,,,1.0,,,1.0,,,,,,,,,,,,,,,,,,,,,,,,,,,,,,,,,,,,,,,,,,,,,,,,,,,,,,,,,,,,,,,,,,,,
89,CDL_UNK,Thursday,BELOW_VA,,,,,,,,,,,,,,,,,,,,,,,,1.0,1.0,,,,,,1.0,,1.0,1.0,1.0,1.0,1.0,1.0,,,,,,,,,,,,,,,,,,,,,,,,,,,,,,1.0,,1.0,,,,,,,,,,,,,,,,,,,,,,,,,,,1.0,1.0,,,,,,,,,,,,,,,,,,,,,,,,,,,,,,,,,,,,,,,,,,
90,CDL_UNK,Wednesday,GAP_UP,,,1.0,1.0,1.0,1.0,1.0,,1.0,,1.0,,,,,,,,,,,,,,,,,,,,,,,,,,,,,,,1.0,,,,,,,,,,,,,,,,,,,,,,,,,,,,,,,,,,,1.0,1.0,1.0,1.0,1.0,1.0,1.0,1.0,,,,,,,,,1.0,,,,,,,,,,,,,,,,,,,,,,,,,,,,,,,,,,,,,,,,,,,,,,,
91,CDL_UNK,Tuesday,GAP_UP,,,,,,,,,,,,,,,,,,,,,,,,,,,,,,,,,,,,,,,,,,1.0,1.0,1.0,,,,,,,,,,,,,,,,,,,,,,,,,,,,,,,,,1.0,1.0,,,,,,1.0,1.0,1.0,1.0,,,,,,,,,,,,,,,,,,,,,,,,,,,,,,,,,,,,,,,1.0,,,,,,1.0,1.0,,,,,,,
92,CDL_UNK,Monday,INSIDE_VA,1.0,,,,,,,,,,,,1.0,1.0,,,,,,,,,1.0,1.0,1.0,1.0,1.0,1.0,1.0,1.0,1.0,1.0,1.0,1.0,1.0,1.0,,,,,,,,,,,,,,,,,,,,1.0,1.0,,,,,1.0,,,,,,,,,,,,1.0,,,,,,,,,,,,,,,,,,,,,,,,,,,,,,,,,,,,,,,,,,,,,,,,,,,,,,,,,,,,,,,,,,
93,CDL_UNK,Friday,GAP_DOWN,1.0,,,,,,,,,,,,,1.0,,,,,,,,,1.0,1.0,1.0,,,,,,1.0,,1.0,,1.0,1.0,,,,,,,,,,1.0,1.0,,,,,,,,,1.0,,,,,,,,,,,,1.0,1.0,1.0,1.0,1.0,,,,,,,,,,,,,,,,,,,,,,,,,1.0,,,,,1.0,,,,,,,,,,,,,,,,,,,,,,,,,,,,,,,,,,,,,,
94,CDL_UNK,Thursday,BELOW_VA,1.0,,,,,,,,,,,,1.0,1.0,,,,,,,,,1.0,1.0,,,1.0,,1.0,,,,,,,,,,,,,,,,,,1.0,,,,,,,,,1.0,1.0,,1.0,,,1.0,1.0,,1.0,,1.0,,,,,,,1.0,,,,,,,,,,,,,,,,,,,,,1.0,,,,,,,,,,,,,,,,,,,,,,,,,,,,,,,,,,,,,,,,,,,,,
95,CDL_UNK,Wednesday,INSIDE_VA,1.0,1.0,,,,,,,,,,,1.0,1.0,,,,,,,,,1.0,1.0,1.0,,,,,,,,,,,,,,,,,,,,,,1.0,1.0,,1.0,,,,,,1.0,1.0,,,,,,,,,,,,,,,,,1.0,1.0,1.0,,,,,,,,,,,,,,,,,,,,,,,,,,,,,,,,,,,,,,,,,,,,,,,,,,,,,,,,,,,,,,,,
96,CDL_UNK,Tuesday,GAP_UP,,,,,1.0,,1.0,,,,,,,,,,,,,,,,,,,,,,,,,,,,,,,,,,,1.0,1.0,,,,,,,,,,,,,,,,,,,,,,,,,,,,,,,,,,1.0,1.0,1.0,1.0,1.0,1.0,1.0,1.0,,1.0,,,,,,,1.0,,,,,,,,,,,,,,,,,,,,,,,,,,,,,,,,,,,,,,,,,,,,,,,
97,CDL_UNK,Monday,GAP_UP,,1.0,,1.0,1.0,1.0,1.0,,1.0,,1.0,,,,,,,,,,,,,,,,,,,,,,,,,,,,,,,1.0,1.0,,,,1.0,,,,,,,,,,,,,,,,,,,,,,,,,,,,,,1.0,1.0,1.0,1.0,1.0,1.0,1.0,1.0,1.0,1.0,1.0,,,,,,,,,,,,,,,,,,,,,,,,,,,,,,,,,,,,,,,1.0,,,,,,1.0,,1.0,1.0,,,,,
98,CDLHIKKAKE_DN,Friday,INSIDE_VA,1.0,1.0,1.0,,,,,,,1.0,,1.0,,,1.0,1.0,,,,,,,,,,,,,,,,,,,,,,,,,,,,,,,1.0,1.0,1.0,1.0,1.0,1.0,1.0,1.0,1.0,,,,,,,,,,,,,,,,,,1.0,,,,,,,,,,,,,,,,,,,,,,,,,,,,,,,,,,,,,,,,,,,,,,,,,,,,,,,,,,,,,,,,,,,
99,CDL_UNK,Thursday,GAP_UP,,,,,1.0,,,,,,,,,,,,,,,,,,,,,,,,,,,,,,,,,,,,,,1.0,,1.0,1.0,,,,,,,,,,,,,,,,,,,,,,,,,,,,,,,1.0,1.0,,,,,,,1.0,,,,,1.0,,,,,,,,,,,,,,,,,,,,,,,,,,,,,,,,,,,,,,,,,,,,,,,,,,
100,CDL_UNK,Tuesday,INSIDE_VA,1.0,1.0,1.0,,,,,,1.0,1.0,,1.0,1.0,1.0,,1.0,,,,,,,1.0,1.0,1.0,1.0,1.0,1.0,1.0,,,,,,,,,,,,,,,,,,1.0,,,,,,,,,1.0,1.0,,,,,1.0,,,1.0,,,,,,,,,1.0,1.0,,,,,,,,,,,,,,,,,,,,,,,,,,,,,,,,,,,,,,,,,,,,,,,,,,,,,,,,,,,,,,,,,
101,CDL_UNK,Monday,INSIDE_VA,1.0,1.0,1.0,1.0,,,,,1.0,,,,1.0,1.0,,,,,,,,,1.0,1.0,,1.0,1.0,,,,,,,,,1.0,,,,,,,,,,,1.0,1.0,,1.0,,,,,,1.0,1.0,,1.0,,,,1.0,,,,,,,,,,,1.0,,,,,,,,,,,,,,,,,,,,,,,,,,,,,,,,,,,,,,,,,,,,,,,,,,,,,,,,,,,,,,,,,,
102,CDL_UNK,Friday,INSIDE_VA,,,,,,,,,,,,,,1.0,,,,,,,,,1.0,1.0,1.0,,1.0,,,,1.0,,1.0,1.0,1.0,1.0,1.0,1.0,,,,,,,,1.0,,,,,,,,,,,,,,,,,,,,,,1.0,1.0,,,,,,,,,,,,,,,,,,,,,,,,,,,,,,,,,,,,,,,,,,,,,,,,,,,,,,,,,,,,,,,,,,,,,,,
103,CDL_UNK,Thursday,GAP_DOWN,,,,,,,,,,,,,,1.0,,,,,,,,,1.0,1.0,1.0,1.0,1.0,1.0,1.0,1.0,1.0,1.0,1.0,,1.0,,,,,,,,,,,,,,,,,,,,,1.0,,1.0,,1.0,,1.0,,,1.0,,,,,,,,,,,,,,,,,,,,,,,,,,,,,,,,,,,,,,,,,,,,,,,,,,,,,,,,,,,,,,,,,,,,,,,,,,,
104,CDL3OUTSIDE_DN,Wednesday,INSIDE_VA,1.0,,,,,,,,,,,,1.0,1.0,,,,,,,,,1.0,1.0,1.0,1.0,1.0,1.0,1.0,,1.0,,1.0,1.0,1.0,1.0,,,,,,,,,,,,,,,,,,,,1.0,,,,,,,,,,,,1.0,,,,,,,,,,,,,,,,,,,,,,,,,,,,,1.0,,,,,,,,,,,,,,,,,,,,,,,,,,,,,,,,,,,,,,,,,,,
105,CDLENGULFING_DN,Tuesday,BELOW_VA,,,,,,,,,,,,,,,,,,,,,,,,1.0,1.0,,,,,,1.0,,1.0,,1.0,1.0,1.0,,,,,,,,,,,,,,,,,,,,,,,,,,,,,,,1.0,1.0,1.0,1.0,,,,,,,,,,,,,,,,,,,,,,,,,,1.0,1.0,1.0,1.0,1.0,1.0,,,,,,,,,,,,,,,,,,,,,,,,,,,,,,,,,,,,,,
106,CDL_UNK,Monday,GAP_UP,1.0,1.0,1.0,,,,,,,,,1.0,1.0,1.0,,,,,,,,,,1.0,1.0,1.0,,,,,,,,,,,,,,,,,,,,,1.0,1.0,,1.0,,1.0,,,,1.0,1.0,,,,,,,,,,,,,,,,,1.0,1.0,,,,,,,,,,,,,,,,,,,,,,,,,,,,,,,,,,,,,,,,,,,,,,,,,,,,,,,,,,,,,,,,,
107,CDL_UNK,Friday,ABOVE_VA,,,1.0,,,,,,1.0,1.0,1.0,,,,,,,,,,,,,,,,,,,,,,,,,,,,,,,,,,,,,,,,,,,,,,,,,,,,,,,,,,,,,,,,,,,,,,,,,,,,,,,,,,,,,,,,,,,,,,,,,,,,,,,,,,,,,,,,,,,,,,,,,,,,,,,,,
108,CDL_UNK,Thursday,BELOW_VA,1.0,1.0,1.0,,,,,,,,,1.0,1.0,1.0,1.0,,,,,,,,,,,,,,,,,,,,,,,,,,,,,,,,1.0,1.0,1.0,1.0,1.0,1.0,,1.0,,,,,,,,,,,,,,,,,,,,1.0,,,,,,,,,,,,,,,,,,,,,,,,,,,,,,,,,,,,,,,,,,,,,,,,,,,,,,,,,,,,,,,,,,
109,CDL_UNK,Wednesday,GAP_UP,,1.0,1.0,,,,,,1.0,1.0,1.0,1.0,,,1.0,1.0,,,,1.0,,,,,,,,,,,,,,,,,,,,,,,,,,,,,1.0,,,,,,,,,,,,,,,,,,,,,,,,,,,,,,,,,,,,,,,,,,,,,,,,,,,,,,,,,,,,,,,,,1.0,,,,,,,,,,,,,,,,,,,,,,,,,,
110,CDL_UNK,Tuesday,GAP_UP,,,,1.0,1.0,1.0,1.0,1.0,1.0,,,,,,,,,1.0,,,,1.0,,,,,,,,,,,,,,,,,,,,,,,,,,,,,,,,,,,,,,,,,,,,,,,,,,,,,,,,,,,1.0,,,,,,,,1.0,,,,,,,,,,,,,,,,,,,,,,,,,,,,,,,,,,,,,,,,,,,,,,,,,,,
111,CDL_UNK,Monday,ABOVE_VA,,1.0,1.0,1.0,,1.0,,,1.0,1.0,1.0,,,,,1.0,1.0,,1.0,1.0,1.0,,,,,,,,,,,,,,,,,,,,,,,,,,,,,,,,,,,,,,,,,,,,,,,,,,,,,,,,,,,,,,,,,,,,,,,,,,,,,,,,,,,,,,,,,,,,,,,,,,,,,,,,,,,,,,,,,,,1.0,,,,
112,CDL_UNK,Friday,GAP_UP,,,,1.0,1.0,1.0,1.0,,,,,,,,,,,,,,,,,,,,,,,,,,,,,,,,,,,1.0,,,,,,,,,,,,,,,,,,,,,,,,,,,,,,,,,,,,,,,,,,,,,,,,,,,,,,,,,,,,,,,,,,,,,,,,,,,,,,,,,,,,,,,,,,,,,,,,,,
113,CDL_UNK,Thursday,ABOVE_VA,,1.0,1.0,1.0,1.0,1.0,,1.0,1.0,1.0,1.0,1.0,,,1.0,1.0,1.0,,1.0,,,,,,,,,,,,,,,,,,,,,,,,,,,,1.0,,,,,,,,,,,,,,,,,,,,,,,,,,,,,,,,,,,,,,,,,,,,,,,,,,,,,,,,,,,,,,,,,,,,,,,,,,,,,,,,,,,,,,,,,,,,,
114,CDL_UNK,Wednesday,BELOW_VA,1.0,,,,,,,,,,,,1.0,1.0,,,,,,,,,1.0,1.0,,1.0,1.0,,1.0,,,,,,,,,,,,,,,,,,,,,,,,,,,1.0,1.0,,1.0,,,1.0,,,1.0,,,,,,,,,,,,,,,,,,,,,,,,,,,,,,,,,,,,,,,,,,,,,,,,,,,,,,,,,,,,,,,,,,,,,,,,,,,
115,CDL_UNK,Tuesday,ABOVE_VA,,,1.0,1.0,1.0,1.0,,1.0,1.0,,1.0,,,,,,1.0,,,,,,,,,,,,,,,,,,,,,,,,,1.0,,,,,,,,,,,,,,,,,,,,,,,,,,,,,,,,,,,1.0,1.0,1.0,1.0,,1.0,,1.0,,,,,,,,,,,,,,,,,,,,,,,,,,,,,,,,,,,,,,,,,,,,,,,,,,,,,,,,
116,CDL_UNK,Monday,GAP_UP,,,,,1.0,,1.0,,1.0,,,,,,,,,,,,,,,,,,,,,,,,,,,,,,,,,1.0,1.0,1.0,,,,,,,,,,,,,,,,,,,,,,,,,,,,,,,,,1.0,1.0,1.0,1.0,1.0,1.0,1.0,1.0,,,,,1.0,,,,1.0,,,1.0,,,,,,,,,,,,,,1.0,,,,,,,,,,,,,,,,,,,,,,,,,,,1.0,,,
117,CDL_UNK,Friday,ABOVE_VA,,,,1.0,1.0,,1.0,,1.0,,,,,,,,,,,,,,,,,,,,,,,,,,,,,,,,,1.0,1.0,1.0,,,,,,,,,,,,,,,,,,,,,,,,,,,,,,,,,1.0,,1.0,,,,,,1.0,,,,,,,,,,,,,,,,,,,,,,,,,,,,,,,,,,,,,,,,,,,,,,,,,,,,,,,
118,CDL_UNK,Thursday,INSIDE_VA,,,,1.0,1.0,1.0,1.0,1.0,1.0,,,,,,,,,1.0,,,,,,,,,,,,,,,,,,,,,,,,,,,,,,,,,,,,,,,,,,,,,,,,,,,,,,,,,,,,,,,1.0,,,,,,,,,,,,,,,,,,,,,,,,,,,,,,,,,,,,,,,,,,,,,,,,,,,,,,,,,,,
119,CDL_UNK,Wednesday,BELOW_VA,1.0,1.0,1.0,,,,,,,,,1.0,,,1.0,,,,,,,,,,,,,,,,,,,,,,,,,,,,,,,,1.0,1.0,1.0,1.0,,1.0,,,,,,,,,,,,,,,,,,,,,,,,,,,,,,,,,,,,,,,,,,,,,,,,,,,,,,,,,,,,,,,,,,,,,,,,,,,,,,,,,,,,,,,,
120,CDL_UNK,Tuesday,INSIDE_VA,,1.0,1.0,,,,,,1.0,1.0,,1.0,,,1.0,1.0,,,,1.0,,,,,,,,,,,,,,,,,,,,,,,,,,,1.0,1.0,1.0,1.0,1.0,,1.0,,,,,,,,,,,,,,,,,,,,,,,,,,,,,,,,,,,,,,,,,,,,,,,,,,,,,,,,,,,,,1.0,,,,,,,,,,,,,,,,,,,,,,,,,,
121,CDL_UNK,Monday,GAP_UP,,,,1.0,1.0,1.0,1.0,1.0,,,,,,,,,,1.0,,,,,,,,,,,,,,,,,,,,,,,,1.0,,,,,,,,,,,,,,,,,,,,,,,,,,,,,,,,,,,,,1.0,1.0,1.0,,,,,,,,1.0,,,,,,,1.0,,,,,,,,,,,,,,1.0,,,,,,,,,,,,,,,,,,,,,,,,,,,,,,
122,CDL_UNK,Friday,INSIDE_VA,1.0,1.0,1.0,1.0,,,,,1.0,1.0,1.0,1.0,1.0,1.0,,1.0,1.0,,1.0,,,,1.0,,,,,,,,,,,,,,,,,,,,,,,,1.0,1.0,,,,,,,,,,,,,,,,,,,,,,,,,,,,,,,,,,,,,,,,,,,,,,,,,,,,,,,,,,,,,,,,,,,,,,,,,,,,,,,,,,,,,,,,,,,,
123,CDL_UNK,Thursday,GAP_UP,1.0,1.0,,,,,,,,,,,1.0,1.0,,,,,,,,,1.0,1.0,,,1.0,,1.0,,,,,,,,,,,,,,,,,,1.0,1.0,,1.0,,,,,,1.0,1.0,,1.0,,,,,,,,,,,,,,,1.0,1.0,1.0,,,,,,,,,,,,,,,,,,,,,,,,,,,,,,,,,,,,,,,,,,,,,,,,,,,,,,,,,,,,,,,,
124,CDL_UNK,Wednesday,GAP_UP,,,,,1.0,,1.0,,,,,,,,,,,,,,,,,,,,,,,,,,,,,,,,,,,1.0,,,,,,,,,,,,,,,,,,,,,,,,,,,,,,,,,,,1.0,1.0,1.0,1.0,1.0,1.0,1.0,1.0,,,,,1.0,,,,1.0,,,1.0,,,,,,,,,,,,,,,,,,,,,,,,,,,,,,,,,,,,,,,,,1.0,1.0,,
125,CDL_UNK,Tuesday,INSIDE_VA,1.0,1.0,1.0,,,,,,1.0,,,1.0,,,1.0,,,,,,,,,,,,,,,,,,,,,,,,,,,,,,,,1.0,1.0,1.0,1.0,1.0,1.0,1.0,1.0,,,,,,,,,,,,,,,,,,,1.0,,,,,,,,,,,,,,,,,,,,,,,,,,,,,,,,,,,,,,,,,,,,,,,,,,,,,,,,,,,,,,,,,,,
126,CDL_UNK,Monday,ABOVE_VA,,,,,1.0,,,,,,,,,,,,,,,,,,,,,,,,,,,,,,,,,,,,,,1.0,1.0,1.0,1.0,,,,,,,,,,,,,,,,,,,,,,,,,,1.0,,,,,1.0,1.0,,,,,,1.0,1.0,1.0,1.0,1.0,,1.0,,,,,,,,,,,,,,,,,,,,,,,,,,,,,,,,,1.0,,,1.0,,,,,,1.0,,,,,,,,
127,CDL_UNK,Friday,GAP_DOWN,,,,,,,,,,,,,,,,,,,,,,,,,,,,,,,,,,,,,,,,,,,,,,1.0,,,,,,,,,,,,,,,,,,,,,,,,,,,,,,,,,,,,,,,,,,,,,,,,,,,,,,,,,,,,,,,,,,,,,,,,,,,,,,,,,,,,,,,,,,,,,,
128,CDL_UNK,Thursday,INSIDE_VA,1.0,,,,,,,,,,,,,1.0,,,,,,,,,,1.0,1.0,1.0,,,,,1.0,,1.0,1.0,1.0,1.0,1.0,1.0,1.0,1.0,,,,,,,1.0,,,,,,,,,,,,,,,,,,,,,,,,,,,,,,,,,,,,,,,,,,,,,,,,,,,,,,,,,,,,,,,,,,,,,,,,,,,,,,,,,,,,,,,,,,,,,
129,CDLENGULFING_DN,Wednesday,GAP_UP,1.0,1.0,1.0,,,,,,1.0,1.0,,1.0,1.0,,1.0,,,,,,,,,,,,,,,,,,,,,,,,,,,,,,,,1.0,1.0,1.0,1.0,1.0,1.0,1.0,1.0,,,,,,,,,,,,,,,,,,,1.0,,,,,,,,,,,,,,,,,,,,,,,,,,,,,,,,,,,,,,,,,,,,,,,,,,,,,,,,,,,,,,,,,,,
130,CDL3OUTSIDE_DN,Tuesday,INSIDE_VA,1.0,1.0,,,,,,,,,,,1.0,1.0,,,,,,,,,1.0,,,,,,,,,,,,,,,,,,,,,,,,1.0,1.0,,1.0,,,,,,1.0,1.0,,1.0,,,,1.0,,,,,,,,,,,1.0,1.0,1.0,,,,,,,,,,,,,,,,,,,,,,,,,,,,,,,,,,,,,,,,,,,,,,1.0,,,,,,,,,,,,,,,,,,
131,CDLENGULFING_DN,Monday,GAP_DOWN,1.0,,,,,,,,,,,,1.0,1.0,,,,,,,,,1.0,1.0,,,1.0,,1.0,,,,,,,,,,,,,,,,,,1.0,,,,,,,,,1.0,1.0,,1.0,,,1.0,1.0,,1.0,,1.0,,,,,,,1.0,1.0,1.0,,,,,,,,,,,,,,,,,,,,,,,,,,,,,,,,,1.0,,,,,,,,,,,,,1.0,,,,,,,,,,,,,,,,,1.0,
132,CDL_UNK,Friday,GAP_UP,1.0,1.0,,1.0,1.0,1.0,1.0,,1.0,,,,1.0,1.0,,,,,,,,,,,,,,,,,,,,,,,,,,,,1.0,,,,,1.0,,,,,,,,,1.0,,,,,,,,,,,,,,,,,,1.0,,,,,,,1.0,,,,,,,,,,,,,,,,,,,,,,,,,,,,,,,,,,,,,,,,,,,,,,,,,,,,,,,,,,,
133,CDL_UNK,Thursday,INSIDE_VA,1.0,1.0,1.0,,,,,,,1.0,,1.0,,,1.0,,,,,,,,,,,,,,,,,,,,,,,,,,,,,,,,1.0,1.0,1.0,1.0,1.0,1.0,1.0,,,,,,,,,,,,,,,,,,,,,,,,,,,,,,,,,,,,,,,,,,,,,,,,,,,,,,,,,,,,,,,,,,,,,,,,,,,,,,,,,,,,,,,
134,CDL_UNK,Wednesday,GAP_UP,,1.0,1.0,1.0,,1.0,,1.0,1.0,1.0,1.0,1.0,,,,1.0,1.0,,1.0,1.0,1.0,,,,,,,,,,,,,,,,,,,,,,,,,,1.0,,,,,,,,,,,,,,,,,,,,,,,,,,,,,,,,,,,,,,,,,,,,,,,,,,,,,,,,,,,,,,,,,,,1.0,,,,,,,,,,,,,,,,,,,,,,,,,,
135,CDL_UNK,Tuesday,GAP_UP,,,,,,,,,,,,,,,,,,,,,,,,,,,,,,,,,,,,,,,,,,1.0,1.0,1.0,,,,,,,,,,,,,,,,,,,,,,,,,,,,,,,,,1.0,1.0,,,,,,1.0,1.0,,1.0,1.0,,,,,,,,,,,,,,,,,,,,,,,,,,,,,,,,,,,,,,,,,,,,1.0,,,,,,,,
136,CDLHIKKAKE_DN,Monday,INSIDE_VA,1.0,1.0,1.0,1.0,1.0,1.0,1.0,1.0,1.0,1.0,1.0,1.0,,,,,,1.0,,,,1.0,,,,,,,,,,,,,,,,,,,,1.0,,,,,1.0,1.0,,,,,,,,,,,,,,,,,,,,,,,,,,,,,,,,,1.0,,,,,,,,1.0,,,,,,,,,,,,,,,,,,,,,,,,,,,,,,,,,,,,,,,,,,,,,,,,,,,
137,CDL_UNK,Friday,BELOW_VA,,,,,,,,,,,,,,,,,,,,,,,,,,,,,,,,,1.0,,1.0,1.0,1.0,,1.0,,,,,,,1.0,,,,,,,,,,,,,,,,,,,,,,1.0,1.0,1.0,1.0,,,,,,,,,,,,,,,,,,,,,,,,,,1.0,1.0,1.0,,,1.0,,,,,,,,,,1.0,,,,,,,,,,,,,,,,,,,,,,,,,,,,
138,CDLHIKKAKE_DN,Thursday,GAP_UP,1.0,1.0,1.0,1.0,1.0,1.0,1.0,,1.0,,1.0,,,1.0,,,,,,,,,,,,,,,,,,,,,,,,,,,,1.0,,,,,1.0,,,,,,,,,,,,,,,,,,,,,,,,,,,,,,,,,,,,,,,,,,,,,,,,,,,,,,,,,,,,,,,,,,,,,,,,,,,,,,,,,,,,,,,,,,,,,
139,CDL_UNK,Wednesday,INSIDE_VA,,,1.0,1.0,1.0,1.0,1.0,1.0,1.0,,1.0,,,,,,,1.0,,,,,,,,,,,,,,,,,,,,,,,,1.0,1.0,,,,,,,,,,,,,,,,,,,,,,,,,,,,,,,,,,1.0,,,,1.0,,,,,,,,,,,,,,,,,,,,,,,,,,,,,,,,,,,,,,,,,,,,,,,,,,,,,,,,,,,
140,CDL_UNK,Tuesday,INSIDE_VA,,1.0,1.0,,,,,,1.0,1.0,,1.0,,,1.0,1.0,,,,1.0,,,,,,,,,,,,,,,,,,,,,,,,,,,1.0,,,,,,,,,,,,,,,,,,,,,,,,,,,,,,,,,,,,,,,,,,,,,,,,,,,,,,,,,,,,,,,,,,,,,,,,,,,,,,,,,,,,,,,,,,,,,
141,CDL_UNK,Monday,INSIDE_VA,1.0,1.0,1.0,1.0,1.0,1.0,1.0,,1.0,1.0,1.0,1.0,1.0,1.0,1.0,1.0,1.0,,,1.0,,,1.0,,,,,,,,,,,,,,,,,,,1.0,,,,,1.0,1.0,1.0,1.0,1.0,1.0,1.0,1.0,1.0,,,,,,,,,,,,,,,,,,1.0,,,,1.0,,1.0,1.0,,,,,,,,,,,,,,,,,,,,,,,,,,,,,,,,,,,,,,,,,,,,,,,,,,,,,,,,,,,,1.0
142,CDL_UNK,Friday,BELOW_VA,1.0,1.0,,,,,,,,,,1.0,1.0,1.0,1.0,,,,,,,,1.0,1.0,1.0,1.0,1.0,1.0,1.0,,,,,,,1.0,,,,,,,,,,1.0,1.0,1.0,1.0,1.0,,1.0,,1.0,,1.0,,,,,,,,,,,,,,,,,1.0,1.0,1.0,1.0,,,,,,,,,,,,,,,,,,,,,,,,,,,,,,,,,,,,,,,,,,,,,,,,,,,,,,,,,,,,,,,,
143,CDL_UNK,Thursday,GAP_DOWN,,,,,,,,,,,,,,,,,,,,,,,,,1.0,,,,,,,,,,,1.0,,,,,,,,,,1.0,,,,,,,,,,,,,,,,,,,,,,1.0,1.0,1.0,1.0,1.0,,,,,,,,,,,,,,,,,,,,1.0,,,,,,,1.0,,,1.0,,1.0,1.0,1.0,1.0,1.0,,,,,,,,,,,,,,,,,,,,,,,,,,,,,,,,
144,CDL_UNK,Wednesday,BELOW_VA,1.0,,,,,,,,,,,,1.0,1.0,,,,,,,,,1.0,1.0,1.0,1.0,1.0,1.0,,,,,,,,,,,,,,,,,,,1.0,1.0,,,,,,,,1.0,,,,,,,,,,,,,,,,,,1.0,,,,,,,,,,,,,,,,,,,,,,,,,,,,,,,,,,,,,,,,,,,,,,,,,,,,,,,,,,,,,,,,,,
145,CDL_UNK,Tuesday,ABOVE_VA,,1.0,1.0,1.0,1.0,1.0,1.0,1.0,1.0,1.0,1.0,,,,,,1.0,1.0,,,,,,,,,,,,,,,,,,,,,,,,1.0,,,,,1.0,,,,,,,,,,,,,,,,,,,,,,,,,,,,,,,,1.0,1.0,1.0,,,,,,,,1.0,,,,,,,1.0,,,,,,,,,,,,,,,,,,,,,,,,,,,,,,,,,,,,,,,,,,,,
146,CDL_UNK,Monday,BELOW_VA,1.0,1.0,1.0,1.0,,1.0,,,1.0,1.0,1.0,1.0,1.0,1.0,1.0,1.0,1.0,,1.0,1.0,,,,1.0,,,,,,,,,,,,,,,,,,,,,,,1.0,1.0,1.0,1.0,,1.0,,,,1.0,,,,,,,,,,,,,,,,,,,,,,,,,,,,,,,,,,,,,,,,,,,,,,,,,,,,,,,,,,,,,,,,,,,,,,,,,,,,,,,,,,,,
147,CDL_UNK,Thursday,INSIDE_VA,,,,,,,,,,,,,,1.0,,,,,,,,,1.0,1.0,1.0,,1.0,,,,,,1.0,,,1.0,,,,,,,,,,1.0,,,,,,,,,,1.0,,,,,,,,,,,,1.0,1.0,1.0,1.0,,,,,,,,,,,,,,,,,,,,,,,,,,,,1.0,,,1.0,,,,,,,,,,,,,,,,,,,,,,,,,,,,,,,,,,,,,,
148,CDL_UNK,Wednesday,BELOW_VA,1.0,,,,,,,,,,,,,1.0,,,,,,,,,1.0,1.0,1.0,1.0,1.0,1.0,,,1.0,,1.0,1.0,1.0,1.0,1.0,1.0,,1.0,,,,,,,,,,,,,,,,,,,,,,,,,,,,,,,,,,,,,,,,,,,,,,,,,,,,,,,,,,,,,,,,,,,,,,,,,,,,,,,,,,,,,,,,,,,,,,,,,,,,
149,CDL_UNK,Tuesday,GAP_DOWN,1.0,,,,,,,,,,,,1.0,1.0,,,,,,,,,1.0,1.0,,,1.0,,1.0,,,,,,,,,,,,,,,,,,,,,,,,,,,1.0,1.0,,1.0,,,,1.0,,,,,,,,,,,1.0,,,,,,,,,,,,,,,,,,,,,,,,,,,,,,,,,,,,,,,,,,,,,,,,,,,,,,,,,,,,,,,,,,
